"When the so-called ?rich guys? speak negatively about the market you must always remember that some are betting big against it and make a lot of money if it goes down. Then they go positive get big publicity and make it going up. They get you both ways. Barely legal?,05-13-2020 14:16:58,46497,false"
"This week in only 4 days we had the biggest Stock Market increase since 1974. We have a great chance for the really big bounce when the Invisible Enemy is gone!,04-10-2020 11:30:20,35656,false"
"RT @GreggJarrett: Can We Trust China to Ban Wet Markets? https://t.co/qS5eCF3d0V,03-25-2020 11:45:05,6050,true"
"The World market for face masks and ventilators is Crazy. We are helping the states to get equipment but it is not easy. Just got 400 Ventilators for @NYCMayor Bill de Blasio. Work beginning on 4 hospitals in New York! Millions of different type items coming!,03-24-2020 10:14:36,14432,false"
"RT @SenateGOP: To the health care workers on the frontlines.To postal carriers truck drivers &amp; supermarket employees.To those staying?,03-22-2020 09:42:06,4003,true"
"BIGGEST STOCK MARKET RISE IN HISTORY YESTERDAY!,03-14-2020 12:08:12,30121,false"
"Saudi Arabia and Russia are arguing over the price and flow of oil. That and the Fake News is the reason for the market drop!,03-09-2020 14:36:50,29129,false"
"Low Ratings Fake News MSDNC (Comcast) &amp; @CNN are doing everything possible to make the Caronavirus look as bad as possible including panicking markets if possible. Likewise their incompetent Do Nothing Democrat comrades are all talk no action. USA in great shape! @CDCgov.....,02-26-2020 13:03:21,20518,false"
"The Coronavirus is very much under control in the USA. We are in contact with everyone and all relevant countries. CDC &amp; World Health have been working hard and very smart. Stock Market starting to look very good to me!,02-24-2020 21:42:02,26995,false"
"Highest Stock Market In History By Far!,02-19-2020 15:42:44,18301,false"
"RT @SenJohnBarrasso: Economic freedom and free markets: Those are the engines of our economy. Socialism is an enemy of our economy. I think?,02-15-2020 22:45:21,5075,true"
"New Stock Market RECORD. Congratulations spend your money wisely. KEEP AMERICA GREAT!!!!!,02-11-2020 15:49:53,22538,false"
"Market up big today on very good economic news. JOBS JOBS JOBS!,02-04-2020 15:52:17,29119,false"
"RT @SenJohnBarrasso: Since @realDonaldTrump took office we?ve added 7 million new jobs consumer confidence &amp; the stock market are at all-?,01-25-2020 01:42:28,6553,true"
"If you listened to the flawed advice of @paulkrugman at the @nytimes a newspaper that was going broke until I came along you would have entirely missed the RECORD BREAKING Stock Market (and other) numbers produced since Election Day 2016. Sorry those are the FACTS.....,01-19-2020 00:52:42,18569,false"
"If you listened to the flawed advice of @paulkrugman at the @nytimes a newspaper that was going broke until I came along you would have entirely missed the RECORD BREAKING Stock Market (and other) numbers produced since Election Day 2016. Sorry those are the FACTS....,01-19-2020 00:42:23,1388,false"
"If you listened to the flawed advice of @paulkrugman at the @nytimes a newspaper that was going broke until I came along you would have entirely missed the RECORD BREAKING Stock Market (and other) numbers produced since Election Day 2016. Sorry those are the FACTS....,01-19-2020 00:32:23,1865,false"
"Heading to Florida for big Republican Party event. New Stock Market Record. Jobs in USA at all-time high!,01-17-2020 20:10:15,20704,false"
"STOCK MARKET AT ALL-TIME HIGH! HOW ARE YOUR 401K?S DOING? 70% 80% 90% up? Only 50% up! What are you doing wrong?,01-09-2020 15:47:49,26801,false"
"STOCK MARKET AT ALL-TIME HIGH! HOW ARE YOUR 409K?S DOING? 70% 80% 90% up? Only 50% up! What are you doing wrong?,01-09-2020 14:54:59,7685,false"
"?Trump Stock Market rally is far outpacing past U.S. presidents? @CNBC  With new trade deals and more THE BEST IS YET TO COME!,12-27-2019 14:42:30,16785,false"
"RT @AZachParkinson: ""The S&amp;P 500 has returned more than 50% since Trump was elected more than double the 23% average market return of pres?,12-27-2019 00:13:50,6902,true"
"?Trump stock market rally is far outpacing past US presidents? https://t.co/lFegwHMLGr,12-26-2019 20:41:48,19629,false"
"STOCK MARKET CLOSES AT ALL-TIME HIGH! What a great time for the Radical Left Do Nothing Democrats to Impeach your favorite President especially since he has not done anything wrong!,12-24-2019 00:17:41,26635,false"
"Broke all time Stock Market Record again today. 135 times since my 2016 Election Win. Thank you!,12-21-2019 04:43:40,27886,false"
"Economy is GREAT Big Stock Market uptick today. Best ranking in 20 years admits CNN! https://t.co/fhee5zYqvB,12-20-2019 21:23:11,12803,false"
"The Stock Market hit another Record High yesterday number 133 in less than three years as your all time favorite President and the Radical Left Do Nothing Democrats want to impeach me. Don?t worry I have done nothing wrong. Actually they have!,12-17-2019 14:39:10,18901,false"
"New Stock Market high! I will never get bored of telling you that ? and we will never get tired of winning!,12-16-2019 17:41:51,34254,false"
"Record Stock Market &amp; Jobs!,12-13-2019 13:53:02,16166,false"
"Without the horror show that is the Radical Left Do Nothing Democrats the Stock Markets and Economy would be even better if that is possible and the Border would be closed to the evil of Drugs Gangs and all other problems! #2020,12-06-2019 16:00:28,23546,false"
"Stock Markets Up Record Numbers. For this year alone Dow up 18.65% S&amp;P up 24.36% Nasdaq Composite up 29.17%. ?It?s the economy stupid.?,12-06-2019 13:16:35,21182,false"
"Nancy Pelosi just had a nervous fit. She hates that we will soon have 182 great new judges and sooo much more. Stock Market and employment records. She says she ?prays for the President.? I don?t believe her not even close. Help the homeless in your district Nancy. USMCA?,12-05-2019 16:49:52,50558,false"
"U.S. Markets are up as much as 21% since the announcement of Tariffs on 3/1/2018 - and the U.S. is taking in massive amounts of money (and giving some to our farmers who have been targeted by China)!,12-02-2019 11:11:04,14126,false"
"RT @WattersWorld: . @realDonaldTrump won't get the nomination Trump won't win Stock Market will tank Russia Collusion...These are the st?,11-30-2019 23:45:19,6301,true"
"New Stock Market Record today AGAIN. Congratulations USA!,11-27-2019 22:09:22,24290,false"
"Another new Stock Market Record. Enjoy!,11-25-2019 15:05:40,23230,false"
"Dow hits 28000 - FIRST TIME EVER HIGHEST EVER! Gee Pelosi &amp; Schitt have a good idea ?lets Impeach the President.? If something like that ever happened it would lead to the biggest FALL in Market History. It?s called a Depression not a Recession! So much for 401-K?s &amp; Jobs!,11-16-2019 15:18:27,28802,false"
"Stock Market up big. New and Historic Record. Job jobs jobs!,11-15-2019 16:34:35,21321,false"
"Another Record Stock Market 21 times this year despite an ongoing &amp; totally unfounded Witch Hunt &amp; a Democrat Party that would love to see a nice big juicy recession. In actuality the potential for the United States is unlimited. We will power through the Do Nothing Dems!,11-15-2019 15:17:45,17797,false"
"Hit New Stock Market record again yesterday the 20th time this year with GREAT potential for the future. USA is where the action is. Companies and jobs are coming back like never before!,11-14-2019 13:44:07,21927,false"
"RT @Varneyco: STU: ""Look what we have now! A growing #economy full #employment rapidly rising #wages #stockmarket record highs! How do y?,11-09-2019 12:02:39,4576,false"
"Stock Market up big today. A New Record. Enjoy!,11-07-2019 15:43:29,20113,false"
"RT @realDonaldTrump: Stock Markets (all three) hit another ALL TIME &amp; HISTORIC HIGH yesterday! You are sooo lucky to have me as your Presid?,11-06-2019 22:46:59,31121,false"
"Stock Markets (all three) hit another ALL TIME &amp; HISTORIC HIGH yesterday! You are sooo lucky to have me as your President (just kidding!). Spend your money well!,11-06-2019 13:30:06,31121,false"
"RT @realDonaldTrump: All-Time High for Stock Market and all the Fake News wants to talk about is the Impeachment Hoax!,11-05-2019 12:29:20,21108,false"
"RT @Varneyco: STU: ""Impeachment is all viscous politics. It will fail and voters won't forget."" #ImpeachmentHearings #Politics #Markets #M?,11-05-2019 12:07:13,4164,false"
"RT @TrumpWarRoom: ""So today we just hit the highest number in the history of the stock market. ... That's for everybody. Your 401(k)'s ho?,11-05-2019 04:57:11,6101,false"
"All-Time High for Stock Market and all the Fake News wants to talk about is the Impeachment Hoax!,11-04-2019 15:09:53,21117,false"
"Stock Market hits RECORD HIGH. Spend your money well!,11-04-2019 13:45:24,24199,false"
"Stock Market up BIG! Record highs for S&amp;P 500 and NASDAQ. Enjoy!,11-01-2019 14:08:56,19073,false"
"The Impeachment Hoax is hurting our Stock Market. The Do Nothing Democrats don?t care!,10-31-2019 14:57:30,24450,false"
"RT @JessicaDitto45: ?Empowering half the world?s population to flourish in the market economy is the best way to boost growth.? #WGDP https?,10-22-2019 14:06:17,6667,false"
"All of this impeachment nonsense which is going nowhere is driving the Stock Market and your 401K?s down. But that is exactly what the Democrats want to do. They are willing to hurt the Country with only the 2020 Election in mind!,10-02-2019 15:19:09,27300,false"
"RT @DailySignal: As the Index of Economic Freedom shows countries that implement free-market policies enable women to make their own econo?,10-02-2019 14:07:17,6509,false"
"You cannot judge my Stock Market performance since the Inauguration which was very good but only from the day after the big Election Win which was spectacular due to the euphoria of getting Obama/Biden OUT &amp; getting Trump/Pence IN. WentI up BIG between Nov. 9 &amp; Inauguration!,10-01-2019 10:33:47,16021,false"
"If they actually did this the markets would crash. Do you think it was luck that got us to the best Stock Market and Economy in our history. It wasn?t! https://t.co/V0WGVWEWTN,09-26-2019 11:14:41,8015,false"
"RT @GovBillLee: The USMCA is a 21st-century trade deal for a 21st-century market that will fuel economic growth right here in Tennessee cr?,09-16-2019 20:51:10,5011,false"
"....sufficient to keep the markets well-supplied. I have also informed all appropriate agencies to expedite approvals of the oil pipelines currently in the permitting process in Texas and various other States.,09-15-2019 21:55:22,15295,false"
"While I like the Vaping alternative to Cigarettes we need to make sure this alternative is SAFE for ALL! Let?s get counterfeits off the market and keep young children from Vaping!,09-13-2019 22:35:26,24382,false"
"RT @VP: The #USMCA is a deal for the 21st Century that will support mutually beneficial trade and lead to freer and fairer markets! #USMCAn?,09-12-2019 03:16:13,4777,false"
"....that our economy is very strong. If the Fed would lower rates to where the bond market says they should be then I really wouldn?t worry about a recession.? @jimcramer @JoeSquawk,09-06-2019 03:33:33,10680,false"
"Since my election many trillions of dollars of worth has been created for our Country and the Stock Market is up over 50%. If you followed the advice of the Failing New York Times columnist Paul Krugman you?d be doing VERY poorly - you?d be angry and hurt. He never got it!,09-02-2019 11:38:59,13307,false"
"RT @realDonaldTrump: If the Fed would cut we would have one of the biggest Stock Market increases in a long time. Badly run and weak compa?,09-01-2019 14:04:39,14220,false"
"RT @SenCapito: Stopped in and visited with the Witschey family at their market in New Martinsville this morning. Celebrating 75 years in bu?,08-31-2019 12:06:30,2077,false"
"If the Fed would cut we would have one of the biggest Stock Market increases in a long time. Badly run and weak companies are smartly blaming these small Tariffs instead of themselves for bad management...and who can really blame them for doing that? Excuses!,08-30-2019 14:10:13,14180,false"
"RT @MeetThePress: . @chucktodd asks: How could you say Trump is a free-market conservative as he issues tariffs?@DavidMMcintosh: ""What we?,08-30-2019 12:15:43,4598,false"
"My Stock Market gains must be judged from the day after the Election November 9 2016 where the Market went up big after the win and because of the win. Had my opponent won CRASH!,08-25-2019 23:30:29,16592,false"
"The people on the stage tonight and last were not those that will either Make America Great Again or Keep America Great! Our Country now is breaking records in almost every category from Stock Market to Military to Unemployment. We have prosperity &amp; success like never before..,08-01-2019 04:05:15,28747,false"
"What the Market wanted to hear from Jay Powell and the Federal Reserve was that this was the beginning of a lengthy and aggressive rate-cutting cycle which would keep pace with China The European Union and other countries around the world....,07-31-2019 20:41:17,15380,false"
"President Trump?s Approval Rating on Economy is at 52% a 4 point jump. Fox Poll @foxandfriends  Shouldn?t this be at 100%? Best stock market economy and unemployment numbers ever! Most people working within U.S. ever! Low interest rates very low inflation! Country doing great!,07-25-2019 12:07:27,18465,false"
"Newest Poll: Only 11% in favor of starting ridiculous impeachment hearings. Well let?s see: We have the Best Economy in History the Best Employment Numbers in History Most People Working in History Highest Stock Market in History Biggest Tax and Regulation Cuts in History..,07-23-2019 11:25:46,24434,false"
"Big Rally tonight in Greenville North Carolina. Lots of great things to tell you about including the fact that our Economy is the best it has ever been. Best Employment &amp; Stock Market Numbers EVER. I?ll talk also about people who love and hate our Country (mostly love)!  7:PM,07-17-2019 12:46:13,23838,false"
"....Detention facilities are not Concentration Camps! America has never been stronger than it is now ? rebuilt Military highest Stock Market EVER lowest unemployment and more people working than ever before. Keep America Great!,07-15-2019 21:08:25,30848,false"
"....As well as we are doing from the day after the great Election when the Market shot right up it could have been even better - massive additional wealth would have been created &amp; used very well. Our most difficult problem is not our competitors it is the Federal Reserve!,07-06-2019 03:24:30,17183,false"
"Today?s Stock Market is the highest in the history of our great Country! This is the 104th time since the Election of 2016 that we have reached a NEW HIGH. Congratulations USA!,07-04-2019 03:44:03,25758,false"
"The Stock Market went up massively from the day after I won the Election all the way up to the day that I took office because of the enthusiasm for the fact that I was going to be President. That big Stock Market increase must be credited to me. If Hillary won - a Big Crash!,06-28-2019 09:12:18,22510,false"
"RT @realDonaldTrump: Stock Market is heading for one of the best months (June) in the history of our Country. Thank you Mr. President!,06-26-2019 10:50:16,20125,false"
"Stock Market is heading for one of the best months (June) in the history of our Country. Thank you Mr. President!,06-25-2019 12:11:59,20101,false"
"I am at Camp David working on many things including Iran! We have a great Economy Tariffs have been very helpful both with respect to the huge Dollars coming IN &amp; on helping to make good Trade Deals. The Dow heading to BEST June in 80 years! Stock Market BEST June in 50 years!,06-22-2019 16:55:49,17666,false"
"Stock Market is on track to have the best June in over 50 years! Thank you Mr. President! @WSJ,06-22-2019 14:13:16,14570,false"
"Stock Market is on track to have the best June in over 50 years! Thank you Mr. President! @WallStreetJour,06-22-2019 13:53:27,2393,false"
"Since Election Day 2016 Stocks up almost 50% Stocks gained 9.2 Trillion Dollars in value and more than 5000000 new jobs added to the Economy. @LouDobbs If our opponent had won there would have been a market crash plain and simple! @TuckerCarlson @seanhannity @IngrahamAngle,06-20-2019 00:12:31,18971,false"
"European Markets rose on comments (unfair to U.S.) made today by Mario D!,06-18-2019 11:21:34,8812,false"
"The Trump Economy is setting records and has a long way up to go....However if anyone but me takes over in 2020 (I know the competition very well) there will be a Market Crash the likes of which has not been seen before! KEEP AMERICA GREAT,06-15-2019 13:44:20,18758,false"
"Good day in the Stock Market. People have no idea the tremendous potential our Country has for GROWTH - and many other things!,06-11-2019 13:55:01,14797,false"
"Our Economy and Jobs Market is BOOMING the best in the World and in our Country?s history - and we have just started!,05-19-2019 19:54:34,15112,false"
"With the wonderful College University and other Graduations taking place all over the USA there has never been a better time than now to graduate. Best jobs market ever great housing and financing. Go out there work hard &amp; have a GREAT life. You deserve it. Congratulations!,05-19-2019 19:48:45,21597,false"
"The average 401(k) balance has SOARED since the bottom of the market - 466%. Wow!,05-10-2019 11:54:19,12555,false"
"You mean the Stock Market hit an all-time record high today and they?re actually talking impeachment!? Will I ever be given credit for anything by the Fake News Media or Radical Liberal Dems? NO COLLUSION!,04-23-2019 22:43:34,35000,false"
"Paul Krugman of the Fake News New York Times has lost all credibility as has the Times itself with his false and highly inaccurate writings on me. He is obsessed with hatred just as others are obsessed with how stupid he is. He said Market would crash Only Record Highs!,04-23-2019 09:59:49,20046,false"
"If the Fed had done its job properly which it has not the Stock Market would have been up 5000 to 10000 additional points and GDP would have been well  over 4% instead of 3%...with almost no inflation. Quantitative tightening was a killer should have done the exact opposite!,04-14-2019 14:04:00,22630,false"
"Had the Fed not mistakenly raised interest rates especially since there is very little inflation and had they not done the ridiculously timed quantitative tightening the 3.0% GDP &amp; Stock Market would have both been much higher &amp; World Markets would be in a better place!,03-29-2019 21:41:20,20712,false"
"Very important that OPEC increase the flow of Oil. World Markets are fragile price of Oil getting too high. Thank you!,03-28-2019 12:30:04,20134,false"
"GDP growth during the four quarters of 2018 was the fastest since 2005. This Administration is the first on record to have experienced economic growth that meets or exceeds its own forecasts in each of its first two years in office. GROWTH is beating MARKET EXPECTATIONS!,03-18-2019 16:00:58,21643,false"
"RT @WhiteHouse: ?Public optimism in their personal economy has hit a 16-year high under President Trump.""?The job market doesn?t get much?,03-10-2019 05:00:28,12914,false"
"....Scott has helped us to lower drug prices get a record number of generic drugs approved and onto the market and so many other things. He and his talents will be greatly missed!,03-05-2019 20:54:27,12301,false"
"Had the opposition party (no not the Media) won the election the Stock Market would be down at least 10000 points by now. We are heading up up up!,02-19-2019 12:30:03,20127,false"
"Looking for China to open their Markets not only to Financial Services which they are now doing but also to our Manufacturing Farmers and other U.S. businesses and industries. Without this a deal would be unacceptable!,01-31-2019 14:56:15,15779,false"
"Great earnings coming out of Stock Market. Too bad Media doesn?t devote much time to this!,01-25-2019 03:09:39,23761,false"
"The Economy is one of the best in our history with unemployment at a 50 year low and the Stock Market ready to again break a record (set by us many times) - &amp; all you heard yesterday based on a phony story was Impeachment. You want to see a Stock Market Crash Impeach Trump!,01-19-2019 12:51:30,26918,false"
"Drug prices declined in 2018 the first time in nearly half a century. During the first 19 months of my Administration Americans saved $26 Billion on prescription drugs. Our policies to get cheaper generic drugs to market are working!,01-11-2019 23:21:41,25338,false"
"Economic numbers looking REALLY good. Can you imagine if I had long term ZERO interest rates to play with like the past administration rather than the rapidly raised normalized rates we have today. That would have been SO EASY! Still markets up BIG since 2016 Election!,01-08-2019 13:01:15,25174,false"
"As I have stated many times if the Democrats take over the House or Senate there will be disruption to the Financial Markets. We won the Senate they won the House. Things will settle down. They only want to impeach me because they know they can?t win in 2020 too much success!,01-04-2019 13:06:40,36348,false"
"2018 is being called ?THE YEAR OF THE WORKER? by Steve Moore co-author of ?Trumponomics.? It was indeed a great year for the American Worker with the ?best job market in 50 years and the lowest unemployment rate ever for blacks and Hispanics and all workers. Big wage gains.?,12-29-2018 21:06:08,25797,false"
"The only problem our economy has is the Fed. They don?t have a feel for the Market they don?t understand necessary Trade Wars or Strong Dollars or even Democrat Shutdowns over Borders. The Fed is like a powerful golfer who can?t score because he has no touch - he can?t putt!,12-24-2018 15:55:22,30508,false"
"I hope the people over at the Fed will read today?s Wall Street Journal Editorial before they make yet another mistake. Also don?t let the market become any more illiquid than it already is. Stop with the 50 B?s. Feel the market don?t just go by meaningless numbers. Good luck!,12-18-2018 12:13:24,16500,false"
"Today I am making good on my promise to defend our Farmers &amp; Ranchers from unjustified trade retaliation by foreign nations. I have authorized Secretary Perdue to implement the 2nd round of Market Facilitation Payments. Our economy is stronger than ever?we stand with our Farmers!,12-17-2018 21:14:10,25031,false"
"The prospect of Presidential Harassment by the Dems is causing the Stock Market big headaches!,11-12-2018 15:34:09,20268,false"
"Republicans have created the best economy in the HISTORY of our Country ? and the hottest jobs market on planet earth. The Democrat Agenda is a Socialist Nightmare. The Republican Agenda is the AMERICAN DREAM! https://t.co/0pWiwCHGbh https://t.co/JfdM1p5xxY,11-05-2018 21:40:04,13206,false"
"Stock Market up more than 400 points yesterday. Today looks to be another good one. Companies earnings are great!,10-31-2018 13:04:26,12641,false"
"The Stock Market is up massively since the Election but is now taking a little pause - people want to see what happens with the Midterms. If you want your Stocks to go down I strongly suggest voting Democrat. They like the Venezuela financial model High Taxes &amp; Open Borders!,10-30-2018 12:33:39,30245,false"
"?Network News gave Zero coverage to the Big Day the Stock Market had yesterday.? @foxandfriends,10-17-2018 12:40:15,14039,false"
"Stock Market up 548 points today. Also GREAT jobs numbers!,10-17-2018 02:39:24,13600,false"
"Incredible number just out 7036000 job openings. Astonishing - it?s all working! Stock Market up big on tremendous potential of USA. Also Strong Profits. We are Number One in World by far!,10-16-2018 14:12:06,22836,false"
"Blowout numbers on New Jobs and separately Services. Market up!,10-03-2018 14:05:28,13208,false"
"The Stock Market just reached an All-Time High during my Administration for the 102nd Time a presidential record by far for less than two years. So much potential as Trade and Military Deals are completed.,10-03-2018 13:04:02,20538,false"
"....deficiencies and mistakes in NAFTA greatly opens markets to our Farmers and Manufacturers reduces Trade Barriers to the U.S. and will bring all three Great Nations together in competition with the rest of the world. The USMCA is a historic transaction!,10-01-2018 10:53:28,18158,false"
".....deficiencies and mistakes in NAFTA greatly opens markets to our Farmers and Manufacturers reduce Trade Barriers to the U.S. and will bring all three Great Nations closer together in competition with the rest of the world. The USMCA is a historic transaction!,10-01-2018 10:40:24,1921,false"
"China is actually placing propaganda ads in the Des Moines Register and other papers made to look like news. That?s because we are beating them on Trade opening markets and the farmers will make a fortune when this is over! https://t.co/ppdvTX7oz1,09-26-2018 17:26:54,19303,false"
"RT @FoxBusiness: .@POTUS: ""The stock market is up 55%... Your 401(k)s are up 50 60 70% in some cases."" https://t.co/g38SD65pMW,09-22-2018 03:09:25,9154,true"
"The Wall Street Journal has it wrong we are under no pressure to make a deal with China they are under pressure to make a deal with us. Our markets are surging theirs are collapsing. We will soon be taking in Billions in Tariffs &amp; making products at home. If we meet we meet?,09-13-2018 14:15:55,23038,false"
"?Trump has set Economic Growth on fire. During his time in office the economy has achieved feats most experts thought impossible. GDP is growing at a 3 percent-plus rate. The unemployment rate is near a 50 year low.? CNBC...Also the Stock Market is up almost 50% since Election!,09-09-2018 14:12:18,19063,false"
"The news from the Financial Markets is even better than anticipated. For all of you that have made a fortune in the markets or seen your 401k?s rise beyond your wildest expectations more good news is coming!,08-30-2018 11:20:48,18690,false"
"Fantastic numbers on consumer spending released on Friday. Stock Market hits all time high!,08-26-2018 14:31:06,22426,false"
"Stock Market hit all time high on Friday. Congratulations U.S.A.!,08-25-2018 23:45:48,27466,false"
"Longest bull run in the history of the stock market congratulations America!,08-22-2018 20:07:29,24042,false"
"Wow! Big pushback on Governor Andrew Cuomo of New York for his really dumb statement about America?s lack of greatness. I have already MADE America Great Again just look at the markets jobs military- setting records and we will do even better. Andrew ?choked? badly mistake!,08-17-2018 14:10:25,21178,false"
"Wow! Big pushback on Governor Andrew Cuomo of New York for his really dumb statement about America?s lack of greatness. I have already MADE America Great Again just look at the markets jobs military- setting records and we will do even better. Andrew ?chocked? badly mistake!,08-17-2018 14:06:13,1177,false"
"Tariffs are working far better than anyone ever anticipated. China market has dropped 27% in last 4months and they are talking to us. Our market is stronger than ever and will go up dramatically when these horrible Trade Deals are successfully renegotiated. America First.......,08-04-2018 19:47:40,20071,false"
"The European Union is coming to Washington tomorrow to negotiate a deal on Trade. I have an idea for them. Both the U.S. and the E.U. drop all Tariffs Barriers and Subsidies! That would finally be called Free Market and Fair Trade! Hope they do it we are ready - but they won?t!,07-25-2018 00:08:01,31469,false"
"The Stock Market hit 25000 yesterday. Jobs are at an all time record - and that is before we fix some of the worst trade deals and conditions ever seen by any government. It is all happening!,07-14-2018 09:46:55,23753,false"
"....We are getting other countries to reduce and eliminate tariffs and trade barriers that have been unfairly used for years against our farmers workers and companies. We are opening up closed markets and expanding our footprint. They must play fair or they will pay tariffs!,06-26-2018 11:25:01,13946,false"
"Stock Market up almost 40% since the Election with 7 Trillion Dollars of U.S. value built throughout the economy. Lowest unemployment rate in many decades with Black &amp; Hispanic unemployment lowest in History and Female unemployment lowest in 21 years. Highest confidence ever!,06-11-2018 21:52:36,32153,false"
"Based on Justin?s false statements at his news conference and the fact that Canada is charging massive Tariffs to our U.S. farmers workers and companies I have instructed our U.S. Reps not to endorse the Communique as we look at Tariffs on automobiles flooding the U.S. Market!,06-09-2018 23:03:16,33199,false"
"Canada has treated our Agricultural business and Farmers very poorly for a very long period of time. Highly restrictive on Trade! They must open their markets and take down their trade barriers! They report a really high surplus on trade with us. Do Timber &amp; Lumber in U.S.?,06-01-2018 13:18:21,19358,false"
"Iger where is my call of apology? You and ABC have offended millions of people and they demand a response. How is Brian Ross doing? He tanked the market with an ABC lie yet no apology. Double Standard!,05-31-2018 11:53:08,24735,false"
"While Security spending was somewhat more than his predecessor Scott Pruitt has received death threats because of his bold actions at EPA. Record clean Air &amp; Water while saving USA Billions of Dollars. Rent was about market rate travel expenses OK. Scott is doing a great job!,04-08-2018 00:03:23,18413,false"
"?American consumers are the most confident they've been since 2000....A strong job market is boosting confidence. The unemployment rate has stayed at a 17-year low.? https://t.co/aL7aVoR7XC,02-27-2018 18:18:22,13566,false"
"In the ?old days? when good news was reported the Stock Market would go up. Today when good news is reported the Stock Market goes down. Big mistake and we have so much good (great) news about the economy!,02-07-2018 14:59:49,22005,false"
"Unprecedented success for our Country in so many ways since the Election. Record Stock Market Strong on Military Crime Borders &amp; ISIS Judicial Strength &amp; Numbers Lowest Unemployment for Women &amp; ALL Massive Tax Cuts end of Individual Mandate - and so much more. Big 2018!,01-20-2018 22:31:27,29055,false"
"?President Trump is not getting the credit he deserves for the economy. Tax Cut bonuses to more than 2000000 workers. Most explosive Stock Market rally that we?ve seen in modern times. 18000 to 26000 from Election and grounded in profitability and growth. All Trump not 0...,01-14-2018 13:50:14,25199,false"
"RT @LouDobbs: The stock market has gained an incredible 7.8 Trillion dollars in market value since @POTUS was elected! Looks like 4% econom?,01-14-2018 03:42:07,18307,true"
"Yesterday was another big day for jobs and the Stock Market. Chrysler coming back to U.S. (Michigan) from Mexico and many more companies paying out Tax Cut money to employees. If Dems won in November Market would have TANKED! It was headed for disaster.,01-13-2018 14:20:00,548,false"
"Yesterday was a big day for the stock market. Jobs are coming back to America. Chrysler is coming back to the USA from Mexico and many others will follow. Tax cut money to employees is pouring into our economy with many more companies announcing. American business is hot again!,01-13-2018 13:13:12,24624,false"
"The Stock Market has been creating tremendous benefits for our country in the form of not only Record Setting Stock Prices but present and future Jobs Jobs Jobs. Seven TRILLION dollars of value created since our big election win!,01-07-2018 20:42:13,20322,"
"Brian Ross the reporter who made a fraudulent live newscast about me that drove the Stock Market down 350 points (billions of dollars) was suspended for a month but is now back at ABC NEWS in a lower capacity. He is no longer allowed to report on Trump. Should have been fired!,01-06-2018 11:57:35,23403,"
"The Fake News Media barely mentions the fact that the Stock Market just hit another New Record and that business in the U.S. is booming...but the people know! Can you imagine if ?O? was president and had these numbers - would be biggest story on earth! Dow now over 25000.,01-05-2018 04:04:20,28059,"
"Stock Market had another good day but now that the Tax Cut Bill has passed we have tremendous upward potential. Dow just short of 25000 a number that few thought would be possible this soon into my administration. Also unemployment went down to 4.1%. Only getting better!,01-04-2018 02:11:31,19850,"
"All signs are that business is looking really good for next year only to be helped further by our Tax Cut Bill. Will be a great year for Companies and JOBS! Stock Market is poised for another year of SUCCESS!,12-26-2017 22:17:14,25344,false"
"The Stock Market is setting record after record and unemployment is at a 17 year low. So many things accomplished by the Trump Administration perhaps more than any other President in first year. Sadly will never be reported correctly by the Fake News Media!,12-23-2017 22:44:45,22728,false"
"With all my Administration has done on Legislative Approvals (broke Harry Truman?s Record) Regulation Cutting Judicial Appointments Building Military VA TAX CUTS &amp; REFORM Record Economy/Stock Market and so much more I am sure great credit will be given by mainstream news?,12-22-2017 15:04:39,20014,false"
"Republican Tax Cuts are looking very good. All are working hard. In the meantime the Stock Market hit another record high!,12-14-2017 12:59:56,17274,false"
"Consumer Confidence is at an All-Time High along with a Record High Stock Market. Unemployment is at a 17 year low. MAKE AMERICA GREAT AGAIN! Working to pass MASSIVE TAX CUTS (looking good).,12-12-2017 14:23:55,20179,false"
"Things are going really well for our economy a subject the Fake News spends as little time as possible discussing! Stock Market hit another RECORD HIGH unemployment is now at a 17 year low and companies are coming back into the USA. Really good news and much more to come!,12-10-2017 13:30:44,28859,false"
"With the great vote on Cutting Taxes this could be a big day for the Stock Market - and YOU!,12-04-2017 12:03:18,16783,false"
"Putting Pelosi/Schumer Liberal Puppet Jones into office in Alabama would hurt our great Republican Agenda of low on taxes tough on crime strong on military and borders...&amp; so much more. Look at your 401-k?s since Election. Highest Stock Market EVER! Jobs are roaring back!,12-04-2017 12:00:08,22222,false"
"People who lost money when the Stock Market went down 350 points based on the False and Dishonest reporting of Brian Ross of @ABC News (he has been suspended) should consider hiring a lawyer and suing ABC for the damages this bad reporting has caused - many millions of dollars!,12-03-2017 13:15:21,37592,false"
"The Dow just broke 24000 for the first time (another all-time Record). If the Dems had won the Presidential Election the Market would be down 50% from these levels and Consumer Confidence which is also at an all-time high would be ?low and glum!?,11-30-2017 15:46:39,22087,false"
"Stock Market hits new Record High. Confidence and enthusiasm abound. More great numbers coming out!,11-30-2017 13:05:21,16011,false"
"Economy growing! Excluding hurricane effects CEA estimates that real GDP growth would have been 3.9% in Q3.Stock market at a new high unemployment at a low. We are winning and TAX CUTS will shift our economy into high gear! https://t.co/HrKIF72VqE,11-29-2017 14:49:14,11887,false"
"Looks like another great day for the Stock Market. Consumer Confidence is at Record High. I guess somebody likes me (my policies)!,11-29-2017 12:03:38,15251,false"
"New home sales reach a 10 year high. Stock Market has more record gains. Hopefully Republican Senators will give us the much needed Tax Cuts to keep it all going! Democrats want big Tax Increases.,11-28-2017 02:48:53,16343,false"
"HAPPY THANKSGIVING your Country is starting to do really well. Jobs coming back highest Stock Market EVER Military getting really strong we will build the WALL V.A. taking care of our Vets great Supreme Court Justice RECORD CUT IN REGS lowest unemployment in 17 years....!,11-23-2017 11:28:32,44385,false"
"Will be having meetings and working the phones from the Winter White House in Florida (Mar-a-Lago). Stock Market hit new Record High yesterday - $5.5 trillion gain since E. Many companies coming back to the U.S. Military building up and getting very strong.,11-22-2017 11:51:22,15842,false"
"Stock market hit yet another all-time record high yesterday. There is great confidence in the moves that my Administration....,11-07-2017 10:37:01,11815,false"
"Unemployment is down to 4.1% lowest in 17 years. 1.5 million new jobs created since I took office. Highest stock Market ever up $5.4 trill,11-04-2017 12:35:00,38345,false"
"Stock Market just hit another record high! Jobs looking very good.,10-24-2017 14:35:32,19348,false"
"...2nd Amendment Strong Military ISIS historic VA improvement Supreme Court Justice Record Stock Market lowest unemployment in 17 yrs!,10-22-2017 00:09:21,17602,false"
"Just out but lightly reported: ""Fewest jobless claims since 1973 show firm U.S. Job Market"" Lowest since March 1973. @bpolitics,10-21-2017 22:51:57,17376,false"
"Stock Market hits another all time high on Friday. 5.3 trillion dollars up since Election. Fake News doesn't spent much time on this!,10-21-2017 13:14:33,21391,false"
"RT @Scavino45: U.S. MARKETS FROM ELECTION DAY {Since 11/8/2016} ?? https://t.co/HtjHrznQKJ,10-17-2017 11:05:25,7799,true"
"The U.S. has gained more than 5.2 trillion dollars in Stock Market Value since Election Day! Also record business enthusiasm.,10-16-2017 12:57:50,19613,false"
"Since Election Day on November 8 the Stock Market is up more than 25% unemployment is at a 17 year low &amp; companies are coming back to U.S.,10-16-2017 12:54:49,20216,false"
"It would be really nice if the Fake News Media would report the virtually unprecedented Stock Market growth since the election.Need tax cuts,10-11-2017 10:31:18,15430,false"
"Stock Market has increased by 5.2 Trillion dollars since the election on November 8th a 25% increase. Lowest unemployment in 16 years and..,10-11-2017 10:21:15,18196,false"
"RT @IvankaTrump: .@realDonaldTrump stock market rally is close to becoming the greatest in 85 years https://t.co/5WlZa82Mij,10-10-2017 02:31:49,16640,true"
"RT @FoxBusiness: #StockAlert: U.S. markets since the election https://t.co/1kwamJuizO,10-06-2017 02:16:32,12211,true"
"Stock Market hits an ALL-TIME high! Unemployment lowest in 16 years! Business and manufacturing enthusiasm at highest level in decades!,10-05-2017 11:09:50,36546,false"
"RT @markets: What Is Trump worth to Twitter? One analyst estimates $2 billion https://t.co/knniVpqr35 https://t.co/djkZiRk5nL,09-17-2017 12:29:57,5606,true"
"A great deal of good things happening for our country. Jobs and Stock Market at all time highs and I believe will be getting even better!,09-16-2017 22:40:23,16309,false"
"Stock Market up 5 months in a row!,09-01-2017 23:47:38,17967,false"
"RT @JacobAWohl: @realDonaldTrump President Trump alone has succeeded in bringing the Stock Market Small Business Index and Consumer Comfor?,08-16-2017 17:50:13,12508,true"
"RT @markets: U.S. job openings surge to record https://t.co/3CPH78Sfvw via @ShoChandra https://t.co/JFhQ7HFN69,08-10-2017 01:20:57,6318,true"
"...and West Virginia. The fact is the Fake News Russian collusion story record Stock Market border security military strength jobs.....,08-07-2017 11:04:19,12005,false"
"Business is looking better than ever with business enthusiasm at record levels. Stock Market at an all-time high. That doesn't just happen!,08-03-2017 12:08:54,16533,false"
"Stock Market could hit all-time high (again) 22000 today. Was 18000 only 6 months ago on Election Day. Mainstream media seldom mentions!,08-01-2017 12:49:22,23445,false"
"Highest Stock Market EVER best economic numbers in years unemployment lowest in 17 years wages raising border secure S.C.: No WH chaos!,07-31-2017 12:28:00,30726,false"
"U.S. Stock Market up almost 20% since Election!,07-29-2017 17:04:20,22532,false"
"America's Labor Market Continues to Boom JOBS JOBS JOBS! https://t.co/LuOaR1Iz2e,07-25-2017 15:35:42,12527,false"
"RT @FoxNews: U.S. Markets since election. https://t.co/rlWSt30GUd,07-19-2017 01:03:43,11443,true"
"Just got to the #USWomensOpen in Bedminster New Jersey. People are really happy with record high stock market - up over 17% since election!,07-15-2017 20:29:54,11542,false"
"Stock Market hit another all-time high yesterday - despite the Russian hoax story! Also jobs numbers are starting to look very good!,07-15-2017 16:30:23,18658,false"
"Stock Market at new all-time high! Working on new trade deals that will be great for U.S. and its workers!,07-15-2017 16:21:12,16386,false"
"Stock market hits another high with spirit and enthusiasm so positive. Jobs outlook looking very good! #MAGA???? https://t.co/Vwxsb2vWGe,07-12-2017 23:06:19,15993,false"
"After 14 years U.S. beef hits Chinese market. Trade deal an exciting opportunity for agriculture. https://t.co/gDGgejqFMs,07-12-2017 20:20:56,17717,false"
"RT @JacobAWohl: @realDonaldTrump When Obama was President the #MSM LOVED talking about stock market rallies! Now they barely mention new a?,07-04-2017 01:33:50,16931,true"
"Stock Market at all time high unemployment at lowest level in years (wages will start going up) and our base has never been stronger!,07-02-2017 23:55:23,31927,false"
"Death spiral!'Aetna will exit Obamacare markets in VA in 2018 citing expected losses on INDV plans this year'https://t.co/5YnzDitF8r,05-04-2017 12:28:39,8296,false"
"Since November 8th Election Day the Stock Market has posted $3.2 trillion in GAINS and consumer confidence is at a 15 year high. Jobs!,03-02-2017 11:00:41,37270,false"
"Stock market hits new high with longest winning streak in decades. Great level of confidence and optimism - even before tax plan rollout!,02-16-2017 11:34:46,23643,false"
"The world was gloomy before I won - there was no hope. Now the market is up nearly 10% and Christmas spending is over a trillion dollars!,12-26-2016 23:32:28,30090,false"
"Just as we won the Cold War in part by exposing the evils of communism and the virtues of free markets....Cont: https://t.co/SXp7efXEZU,08-16-2016 23:17:18,5864,false"
"@arnold_ziffel: @AnnCoulter also can't help but notice the stock market's reaction as @realDonaldTrump was speaking. #UPUPUP,06-28-2016 19:24:43,2814,false"
"Crooked Hillary Clinton got Brexit wrong. I said LEAVE will win. She has no sense of markets and such bad judgement. Only a question of time,06-26-2016 22:15:40,5482,false"
"@FreemarketSara: Trump's Historic 13 Million Primary Votes - A Record ... Congratulations @realDonaldTrump https://t.co/zdOEle8wOL,06-10-2016 02:31:06,7176,false"
"Thank you Idaho! I love your potatoes- nobody grows them better. As President I will protect your market. https://t.co/kqx8un1jnw,03-07-2016 22:48:21,5151,false"
"THANK YOU IOWA! Highly respected @OANN @GravisMarketing poll just released. #VoteTrump #IowaCaucus https://t.co/Ecs9XYXaXL,01-13-2016 19:20:30,3294,false"
"@Kacee50: @realDonaldTrump Women make up the fastest growing market in gun sales. And Hillary wants to take those rights away from women!,01-06-2016 03:49:12,3142,false"
"@daveandlouanns: THANK YOU SIR FOR CARING FOR THE PEOPLE OF AMERICA. I WAS IN NEWMARKET NH. OFFICE. https://t.co/VRBYXBC6I4,12-22-2015 21:14:33,820,false"
"@pjs307: @WalshFreedom Will be highest rated show ever @realDonaldTrump is a marketing genius #SNL Hope it does well!,11-06-2015 18:07:00,616,false"
"@misterdish69: @cathyspartanj @realDonaldTrump @AshleyEdam @GravisMarketing @OANN https://t.co/W0dgkioGMy  Great thank you!,10-29-2015 13:56:53,710,false"
"@GravisMarketing: @OANN Gravis Marketing Poll @realDonaldTrump leading. https://t.co/5bPZOBhz4h  Great!,10-29-2015 10:49:47,1078,false"
"@BarbaraJensen1: @realDonaldTrump @OANN @GravisMarketing https://t.co/evyzpgIJ1V,10-28-2015 04:47:45,1842,false"
".@MarketMavensInc #asktrump http://t.co/6uShpC3BM2,09-21-2015 17:12:18,678,false"
"Markets are crashing - all caused by poor planning and allowing China and Asia to dictate the agenda. This could get very messy! Vote Trump.,08-24-2015 13:43:13,4226,false"
"As I have long stated we are so tied in with China and Asia that their markets are now taking the U.S. market down. Get smart U.S.A.,08-24-2015 13:30:48,4006,false"
"Via @GravisMarketing: ?New Hampshire Poll: Trump into top-tier status? http://t.co/4Mtfx9J044,06-09-2015 13:34:18,27,false"
"ObamaCare premiums could jump as high as 51% http://t.co/BdBnj4hm99 Terrible for economy. Repeal &amp; Replace with free market solution!,05-28-2015 20:41:40,230,false"
"There is only one fix for ObamaCare - REPEAL &amp; REPLACE with a free market oriented alternative!,03-31-2015 18:00:21,99,false"
"@frankadgpr: @realDonaldTrump @ApprenticeNBC Clearly you are a master of marketing and business success.,02-09-2015 23:04:25,9,false"
"Entrepreneurs:  Having a product requires something very important--you have to think about the market. Do your due diligence.,02-05-2015 18:49:44,125,false"
"@catham11: @EW @realDonaldTrump you were my inspiration to go for my B.S. in marketing??????,01-20-2015 10:34:03,4,false"
"@sgrifkin: DonaldTrump when will you next appear on television? I am very interested in your opinion of the current NYC real-estate market,11-19-2014 01:05:09,9,false
The residential real estate market continues to provide opportunities for first time ho"
"Launching the Trump Home by Dorya Furniture Collection today. It looks amazing! @HPMARKETNEWS @DoryaInteriors http://t.co/RRC1jMWclG,04-07-2014 19:49:42,93,false"
"@TimmyVafides: Just received my order of @realDonaldTrump brand ties in the mail today. Sharpest looking ties on the market. Thanks!,03-02-2014 04:52:53,14,false"
"Republicans have the right approach to ObamaCare ? let it fail.  Free market solutions will be embraced by Americans in 2016.,11-22-2013 19:43:41,255,false"
"Won?t be a buyer?s market for long. If you can purchase a home but remember I told you this three years ago.,10-29-2013 19:16:14,155,false"
"Apple must make the IPhone screen bigger. Losing major market share.,10-17-2013 17:45:12,229,false"
"As an addition Apple must go to a larger screen now--asap! They're losing their standing in the market!,10-14-2013 15:37:00,158,false"
"Stocks rose yesterday during the first day of government shutdown. Markets like being left alone for a day.,10-02-2013 20:32:40,319,false"
"The commodity market is extremely fragile. Be wary of investing right now. The futures are way too dependent on the Fed.,09-30-2013 17:48:46,123,false"
"Five Star @TrumpCondosLV are the most luxurious &amp; elite residences in the Vegas market http://t.co/xQZ3LuZHd4 ?If you love it own it?,09-27-2013 15:31:37,13,false"
"Via @MarketWatch: ?@TrumpSoHo New York Unveils $50 Million Presidential Penthouse? http://t.co/2Nukg8JNLS,09-26-2013 16:27:55,21,false"
"In real estate all locations can be enhanced through good marketing. Be smart!,09-25-2013 20:42:18,219,false"
"ObamaCare will increase individual market premiums by 99% for men and 62% for women http://t.co/uKIx7zg2JO DEFUND!! #MakeDCListen,09-25-2013 20:04:46,372,false"
"Still a buyer?s market but somewhat fragile.  Be sure to calculate the risk of rising rates coming sooner than you think!,08-13-2013 18:02:07,77,false"
"The new reality ? China?s demand for oil now controls the market http://t.co/lqKTTsyCoQ  And OPEC gets away with ripping us off at $105!,07-26-2013 18:21:32,72,false"
"The Fed?s pumping is great news in the short term but it can?t last forever.  Be prudent in your market investing.,07-18-2013 18:22:13,58,false"
"@marzanoj: @realDonaldTrump people think of u as a real estate king. Rightly so however u r the marketing king as well. Thank you.,06-18-2013 02:31:29,18,false"
"@StockMarket100: @realDonaldTrump correct me if I'm wrong but didnt you give @LilJon charity 20k?  Yes 20k plus 100k for great cause!,05-30-2013 12:08:31,2,false"
"Take a sneak peek into one of Trump Park Avenue's most exclusive residences on the market- http://t.co/MO4QxGV07X,05-23-2013 16:21:00,43,false"
"@roysj   Unlike you stupid I became a big stock market investor a couple of years ago because the dollar is going to hell &amp; false low int.,05-03-2013 15:06:13,4,false"
"@Maddie_Rene: @realDonaldTrump trump would be a great president he would be strong and truly fight for the US. freeing up the market.Thanks,04-24-2013 12:49:07,39,false
People ask about @AmandaTMiller. She is actually a VP of Marketing at the Trump Organ"
"China?s stock market rose yesterday after 4 consecutive days of losses http://t.co/LfATjhuf Their market gains the day we are hit by storm,10-30-2012 19:04:38,107,false"
"The invisible hand of the market always moves faster and better than the heavy hand of government. -- @MittRomney,10-15-2012 21:36:13,598,false"
"A great article about how ObamaCare has even further complicated the tax code and will hurt housing market http://t.co/2Tgk3VIj,10-03-2012 13:13:20,179,false"
"Still a buyer's market. Buy directly from a bank. They want to offload properties that have defaulted will give good prices &amp; financing.,09-17-2012 20:22:40,181,false"
"QE3 is going to further sink the dollar into oblivion. Creates artificial numbers for short term market gains. (cont) http://t.co/8mORe86h,09-14-2012 19:25:24,228,false"
"My @CNBCClosingBell interview discussing QE3 the housing market my stock picks and the 2012 election http://t.co/z4uCefaP,09-14-2012 17:24:28,24,false"
"Great news--Chinese companies who were fixing prices and accounting are leaving the US stock market http://t.co/yry3tiWE #TimeToGetTough,08-14-2012 19:35:31,129,false"
"These are facts: In 2001 the US opened its markets to China &amp; since then more than 2 million Americans can't (cont) http://t.co/coEWpKGc,08-09-2012 13:25:21,118,false"
"My @SquawkCNBC interview discussing  2012 election polls @MittRomney's current trip &amp; the US housing &amp; land market http://t.co/jKSWEwSk,07-31-2012 16:25:07,15,false"
"I can't stress strongly enough that we are currently in a buyer's residential market.Try to buy directly from a bank.,07-25-2012 13:26:51,227,false"
"The one positive from the plunge in household wealth is that we are in a buyer's market. This is the time to buy!,06-13-2012 20:10:30,142,false"
"A market is never saturated with a good product but it is very quickly saturated with a bad one. -- Henry Ford,06-05-2012 19:49:55,325,false"
"The stock market is having a horrendous day- bad employment numbers.,06-01-2012 21:07:55,115,false"
"Unemployment has risen today and some other very bad news has just been reported- the stock market is way down.,06-01-2012 14:42:39,181,false"
"Still a buyer's market. Home prices are dropping mortgages are low. Now is the time to take advantage for your gain. http://t.co/WwyMRksQ,05-07-2012 20:20:24,134,false"
"Still a buyer's market. Residential home sales fall 7.1% in March. http://t.co/ZxzpJQnT  Now is the time to buy property.,04-26-2012 14:38:49,132,false"
"My #TrumpTuesday @SquawkCNBC interview discussing golf VP choices the real estate market & healthcare reform http://t.co/28lg4Mgp,04-03-2012 17:24:49,13,false"
"The Fed is considering issuing even more US bond debt into the market. Not good!,02-16-2012 21:01:35,77,false"
"The $25 Billion settlement with the banks on mortgages will slow the housing market down even more and create higher user fees. Stupid!,02-10-2012 21:43:47,21,false"
"My @FoxNews interview with @TeamCavuto discussing the national housing market unemployment numbers and the FL (cont) http://t.co/dZQAWrIv,02-01-2012 15:32:38,15,false"
"The Fed continues to recklessly flood the market with dollars. This will eventually create record inflation. It has to stop. #TimeToGetTough,12-01-2011 19:14:45,170,false"
"The Fed's reckless policies of low interest and flooding the market with dollars needs to be stopped or we will face record inflation.,09-29-2011 19:24:04,130,false"
"Amazing--Obama speaks market goes  DOWN---Trump tells CNBC he's buying stock---market goes UP --- should not be that way!,08-16-2011 17:42:08,416,false"
"Reporters say it's the Trump Bump---I tell CNBC I am buying stocks--- and the market goes up.,08-15-2011 15:49:36,127,false"
"I was on CNBC this morning talking about the market and America's financial future  http://bit.ly/rsBqmE,08-11-2011 16:02:26,30,false"
"The Fed continues to flood the market with US dollars. Wrong move.,08-10-2011 19:26:21,263,false"
